{
  "type": "FeatureCollection",
  "features": [
    {
      "type": "Feature",
      "properties": {
        "FID": "8793",
        "regi\u00f3n": "IV",
        "comuna": "ILLAPEL",
        "provincia": "CHOAPA",
        "ine": "270"
      },
      "geometry": {
        "type": "Polygon",
        "coordinates": [
          [
            [
              -70.5441586562892,
              -31.3045995390125
            ],
            [
              -70.5446326192596,
              -31.3056044890936
            ],
            [
              -70.5445656248768,
              -31.3076934533461
            ],
            [
              -70.5454977172688,
              -31.3089874423714
            ],
            [
              -70.5463378188905,
              -31.3108044933803
            ],
            [
              -70.5461537581077,
              -31.3119385183017
            ],
            [
              -70.5455708010238,
              -31.3134244941011
            ],
            [
              -70.5446888419313,
              -31.31526245318319
            ],
            [
              -70.5442268643276,
              -31.3179644858357
            ],
            [
              -70.5430608630862,
              -31.3210245337214
            ],
            [
              -70.5428169229918,
              -31.32468152566
            ],
            [
              -70.5427450283324,
              -31.326542577943
            ],
            [
              -70.543191017176,
              -31.3290605621296
            ],
            [
              -70.5432250889496,
              -31.3311485740092
            ],
            [
              -70.5429401879991,
              -31.3322825484818
            ],
            [
              -70.5420550570535,
              -31.3339465940361
            ],
            [
              -70.5407641545956,
              -31.3355285568447
            ],
            [
              -70.5404781649976,
              -31.3366636153115
            ],
            [
              -70.5402831633987,
              -31.3371005924396
            ],
            [
              -70.5407011291834,
              -31.3378786331614
            ],
            [
              -70.5414252097595,
              -31.3388275402246
            ],
            [
              -70.5420632415731,
              -31.3406465864728
            ],
            [
              -70.5420982833044,
              -31.3428215504151
            ],
            [
              -70.5410213306139,
              -31.3450965700975
            ],
            [
              -70.5394212284457,
              -31.3464216021829
            ],
            [
              -70.5376182922306,
              -31.3476606451377
            ],
            [
              -70.5351092021871,
              -31.349169712727
            ],
            [
              -70.5338021397188,
              -31.3497947386137
            ],
            [
              -70.5333021987054,
              -31.350235708059
            ],
            [
              -70.5333151130265,
              -31.3510187020205
            ],
            [
              -70.5327511822606,
              -31.3537226974954
            ],
            [
              -70.5324122255856,
              -31.3578167062083
            ],
            [
              -70.5315482588099,
              -31.3605057117199
            ],
            [
              -70.5302542550841,
              -31.3620007343861
            ],
            [
              -70.5290572557344,
              -31.3631458056307
            ],
            [
              -70.5276512324579,
              -31.3639457956809
            ],
            [
              -70.5269462457329,
              -31.3642158062721
            ],
            [
              -70.5273682443435,
              -31.3652548117348
            ],
            [
              -70.5286503961832,
              -31.3693287771856
            ],
            [
              -70.5301315421303,
              -31.3731397198739
            ],
            [
              -70.5327336865912,
              -31.3777866951915
            ],
            [
              -70.5346038112423,
              -31.380635706506
            ],
            [
              -70.5357398670839,
              -31.3819276577032
            ],
            [
              -70.536157907505,
              -31.3827056868673
            ],
            [
              -70.5361669270098,
              -31.3832277173106
            ],
            [
              -70.5360729644753,
              -31.3836636735218
            ],
            [
              -70.5359800002544,
              -31.38418665595299
            ],
            [
              -70.536895002424,
              -31.384350719403
            ],
            [
              -70.5378129778866,
              -31.3849356493272
            ],
            [
              -70.5391390590864,
              -31.3854416072369
            ],
            [
              -70.5397540781177,
              -31.3858696823334
            ],
            [
              -70.5396641800812,
              -31.386566651366
            ],
            [
              -70.5396011477388,
              -31.3889166218058
            ],
            [
              -70.5388512066201,
              -31.3926666175925
            ],
            [
              -70.5374842921094,
              -31.3957666512692
            ],
            [
              -70.5359202556191,
              -31.3993527445741
            ],
            [
              -70.5337402255079,
              -31.4024247538205
            ],
            [
              -70.5329712661172,
              -31.4050437743411
            ],
            [
              -70.5326992526229,
              -31.4070487509778
            ],
            [
              -70.5330193586855,
              -31.4080017993588
            ],
            [
              -70.5336323790778,
              -31.408255704501
            ],
            [
              -70.5344424418177,
              -31.4082457403385
            ],
            [
              -70.537476438992,
              -31.4077746608557
            ],
            [
              -70.5410235893458,
              -31.4076446489136
            ],
            [
              -70.5439607360091,
              -31.4074355504292
            ],
            [
              -70.5453818042424,
              -31.4075925354668
            ],
            [
              -70.5466098269309,
              -31.4082735205875
            ],
            [
              -70.5470208172415,
              -31.4086165126567
            ],
            [
              -70.5495609631898,
              -31.4089344989488
            ],
            [
              -70.5530250659817,
              -31.4099364090237
            ],
            [
              -70.5551682368638,
              -31.4107804180368
            ],
            [
              -70.5559902211225,
              -31.4114664159903
            ],
            [
              -70.5557952738273,
              -31.4119044170859
            ],
            [
              -70.555699214018,
              -31.4122534447132
            ],
            [
              -70.5559422817512,
              -31.4146863685992
            ],
            [
              -70.5566723739879,
              -31.4158953596407
            ],
            [
              -70.5581404412635,
              -31.418919350475
            ],
            [
              -70.5588725559119,
              -31.4203024114049
            ],
            [
              -70.5595935702001,
              -31.4209893416845
            ],
            [
              -70.5600096341441,
              -31.4215933747506
            ],
            [
              -70.5603336732178,
              -31.4221613772504
            ],
            [
              -70.5598406072836,
              -31.4230373734152
            ],
            [
              -70.5590366600896,
              -31.4234823414876
            ],
            [
              -70.5584405556809,
              -31.424185387105
            ],
            [
              -70.5578465874117,
              -31.42506242371759
            ],
            [
              -70.5574555953989,
              -31.4259373485326
            ],
            [
              -70.5574705794769,
              -31.4268943937714
            ],
            [
              -70.5569786153545,
              -31.4277703659751
            ],
            [
              -70.5560736305444,
              -31.4282164557206
            ],
            [
              -70.5528354578498,
              -31.4286904781343
            ],
            [
              -70.5517204249436,
              -31.4287045252299
            ],
            [
              -70.551214438138,
              -31.4287975278666
            ],
            [
              -70.5511193919897,
              -31.4291465215892
            ],
            [
              -70.5513344660878,
              -31.4299275020326
            ],
            [
              -70.5508454826939,
              -31.4309775265413
            ],
            [
              -70.5508664459522,
              -31.4322825411687
            ],
            [
              -70.5506765414757,
              -31.4330675088329
            ],
            [
              -70.5497815172982,
              -31.4341225322514
            ],
            [
              -70.5490814917702,
              -31.4347405452035
            ],
            [
              -70.5486904913588,
              -31.4356145479134
            ],
            [
              -70.5486084804458,
              -31.4368335735535
            ],
            [
              -70.5487235017728,
              -31.4376155695983
            ],
            [
              -70.5493445127026,
              -31.4383915552606
            ],
            [
              -70.5508756633183,
              -31.4389814974321
            ],
            [
              -70.5512896740173,
              -31.4394984541635
            ],
            [
              -70.5514217143024,
              -31.4413245227907
            ],
            [
              -70.5504327559597,
              -31.4429025693971
            ],
            [
              -70.5496486652644,
              -31.4445655254424
            ],
            [
              -70.5493867627818,
              -31.447091544089
            ],
            [
              -70.5498367968456,
              -31.4498315798059
            ],
            [
              -70.5501598729707,
              -31.4509585391214
            ],
            [
              -70.5510888762329,
              -31.4519045354653
            ],
            [
              -70.5523229540057,
              -31.4529344899215
            ],
            [
              -70.5554870990493,
              -31.4541133932861
            ],
            [
              -70.5572152342047,
              -31.4543533762488
            ],
            [
              -70.559059306205,
              -31.4554623629478
            ],
            [
              -70.5609013713145,
              -31.4563973250324
            ],
            [
              -70.561525397905,
              -31.4573463120646
            ],
            [
              -70.5626694705363,
              -31.459073338623
            ],
            [
              -70.5641306066929,
              -31.4614912818465
            ],
            [
              -70.5650536290868,
              -31.4620892760267
            ],
            [
              -70.5658807231658,
              -31.463036295542
            ],
            [
              -70.5666227273222,
              -31.464941300926
            ],
            [
              -70.5671427337605,
              -31.4657182468103
            ],
            [
              -70.5684759109442,
              -31.4665712811423
            ],
            [
              -70.5695189086577,
              -31.4682992781372
            ],
            [
              -70.569547962403,
              -31.4704442246666
            ],
            [
              -70.5689839924305,
              -31.4731482365838
            ],
            [
              -70.5680980429481,
              -31.4747252399768
            ],
            [
              -70.5667979711184,
              -31.4758723049612
            ],
            [
              -70.5642919487082,
              -31.4777303352642
            ],
            [
              -70.5628889066724,
              -31.47879138608659
            ],
            [
              -70.562084948824,
              -31.4792363811404
            ],
            [
              -70.5615878963208,
              -31.4798513576448
            ],
            [
              -70.5618969052019,
              -31.480108391136
            ],
            [
              -70.5622069415337,
              -31.480452358538
            ],
            [
              -70.5635800678881,
              -31.4837423392827
            ],
            [
              -70.5642341107785,
              -31.4864313732032
            ],
            [
              -70.5648131945864,
              -31.4907753083722
            ],
            [
              -70.5661094328074,
              -31.4962002953903
            ],
            [
              -70.5658794911921,
              -31.5003383374478
            ],
            [
              -70.5644005065198,
              -31.5024533430202
            ],
            [
              -70.5608504443608,
              -31.5059903664843
            ],
            [
              -70.5583373396323,
              -31.5089154641736
            ],
            [
              -70.5562763650927,
              -31.5110364987569
            ],
            [
              -70.5541992357493,
              -31.5121604968866
            ],
            [
              -70.5536332500739,
              -31.5131655580353
            ],
            [
              -70.5541173788565,
              -31.5142575285956
            ],
            [
              -70.5563684823724,
              -31.516625425352
            ],
            [
              -70.5569704574301,
              -31.5178164387391
            ],
            [
              -70.5573434920129,
              -31.5192094393956
            ],
            [
              -70.5581286828231,
              -31.5245454381831
            ],
            [
              -70.5580467232147,
              -31.526643455224
            ],
            [
              -70.5579587486598,
              -31.5283414536357
            ],
            [
              -70.5569417705416,
              -31.530249410579
            ],
            [
              -70.5563748042045,
              -31.5311554410506
            ],
            [
              -70.5568738645776,
              -31.533145428881
            ],
            [
              -70.5588029623292,
              -31.5371144447614
            ],
            [
              -70.5600311403237,
              -31.540893405667
            ],
            [
              -70.5600641324452,
              -31.5428894368571
            ],
            [
              -70.559862197464,
              -31.5447884550692
            ],
            [
              -70.5589441658253,
              -31.5455974640873
            ],
            [
              -70.5586031263844,
              -31.5461004799512
            ],
            [
              -70.5589762108236,
              -31.5474934667437
            ],
            [
              -70.560685422905,
              -31.55226443833149
            ],
            [
              -70.5616834947895,
              -31.55690235842861
            ],
            [
              -70.5617185445439,
              -31.556970399846
            ],
            [
              -70.5628945501412,
              -31.5571913915789
            ],
            [
              -70.5666126562404,
              -31.5563973278576
            ],
            [
              -70.5697407903245,
              -31.5558142687239
            ],
            [
              -70.5712548125215,
              -31.5550462917377
            ],
            [
              -70.5734318383916,
              -31.5533852043023
            ],
            [
              -70.5765269654578,
              -31.5508281709158
            ],
            [
              -70.5790149960163,
              -31.5474611656568
            ],
            [
              -70.5816990090204,
              -31.5457261081835
            ],
            [
              -70.5833080153317,
              -31.5455700627768
            ],
            [
              -70.585427133817,
              -31.5455429963952
            ],
            [
              -70.5886512963395,
              -31.54564000437909
            ],
            [
              -70.5901783462915,
              -31.5456889522711
            ],
            [
              -70.5918593926631,
              -31.544782905868
            ],
            [
              -70.5950834621405,
              -31.5423488578204
            ],
            [
              -70.5959074073123,
              -31.5409768730327
            ],
            [
              -70.5968964379542,
              -31.5392618217786
            ],
            [
              -70.597892475794,
              -31.5380228205282
            ],
            [
              -70.6004164793001,
              -31.5368337771968
            ],
            [
              -70.6027776147698,
              -31.5360547601308
            ],
            [
              -70.606670700266,
              -31.5356657328925
            ],
            [
              -70.6101468025748,
              -31.5356216544074
            ],
            [
              -70.6137979752918,
              -31.5359166115253
            ],
            [
              -70.6203491996609,
              -31.5371954672483
            ],
            [
              -70.6224863007488,
              -31.5381904312259
            ],
            [
              -70.6237324184817,
              -31.5391274885694
            ],
            [
              -70.6242904526132,
              -31.541981445815
            ],
            [
              -70.6242495229803,
              -31.5445014739478
            ],
            [
              -70.6239475454898,
              -31.5466854683914
            ],
            [
              -70.624490627162,
              -31.548653412512
            ],
            [
              -70.625373718961,
              -31.550685391972
            ],
            [
              -70.6243357013922,
              -31.5543764565314
            ],
            [
              -70.6233898137795,
              -31.5585434690638
            ],
            [
              -70.6238118336563,
              -31.560853478393
            ],
            [
              -70.624172895344,
              -31.5621434598526
            ],
            [
              -70.625721998408,
              -31.5634174363412
            ],
            [
              -70.6290501748096,
              -31.5646013572008
            ],
            [
              -70.6317853110979,
              -31.5657922946984
            ],
            [
              -70.6339293353498,
              -31.5671273079063
            ],
            [
              -70.6355695009223,
              -31.5687412610014
            ],
            [
              -70.636612583525,
              -31.5702262602824
            ],
            [
              -70.6371636371416,
              -31.5726022047356
            ],
            [
              -70.6382066715839,
              -31.5740192595545
            ],
            [
              -70.6397697310099,
              -31.5761112463329
            ],
            [
              -70.6423239079429,
              -31.5790751441241
            ],
            [
              -70.6443970161869,
              -31.5811591485595
            ],
            [
              -70.6456181443395,
              -31.5830511293953
            ],
            [
              -70.6460742038703,
              -31.5848841279618
            ],
            [
              -70.6458732114225,
              -31.5879511413335
            ],
            [
              -70.6454823103529,
              -31.5897951569883
            ],
            [
              -70.6452073583246,
              -31.5934771595855
            ],
            [
              -70.6443724575606,
              -31.5990721833852
            ],
            [
              -70.6447804609582,
              -31.600566169971
            ],
            [
              -70.6467675793183,
              -31.6025831166583
            ],
            [
              -70.6484196458383,
              -31.6048780641344
            ],
            [
              -70.649733839153,
              -31.607176078306
            ],
            [
              -70.6501028716043,
              -31.6088740488114
            ],
            [
              -70.6513269237362,
              -31.6109020467666
            ],
            [
              -70.6531540472505,
              -31.6134659831428
            ],
            [
              -70.6544571345727,
              -31.6151520395792
            ],
            [
              -70.6566021946489,
              -31.6164869770369
            ],
            [
              -70.6593033355959,
              -31.6180859029415
            ],
            [
              -70.661782488772,
              -31.6190758830996
            ],
            [
              -70.6659416315118,
              -31.6190897971298
            ],
            [
              -70.6673847074356,
              -31.6191388001922
            ],
            [
              -70.6692598158439,
              -31.61959077316831
            ],
            [
              -70.6723328897389,
              -31.6205726909242
            ],
            [
              -70.6753140481175,
              -31.621146639633
            ],
            [
              -70.6808632640276,
              -31.6229805776041
            ],
            [
              -70.6830723791798,
              -31.6230876041569
            ],
            [
              -70.687850541961,
              -31.6245224940365
            ],
            [
              -70.6926697173711,
              -31.6258214286215
            ],
            [
              -70.6966089752227,
              -31.6277443786687
            ],
            [
              -70.7010271015581,
              -31.628025304469
            ],
            [
              -70.7040032598045,
              -31.6283262267271
            ],
            [
              -70.7064993837084,
              -31.6302001892536
            ],
            [
              -70.7088355460376,
              -31.6326211738873
            ],
            [
              -70.710568604387,
              -31.6345731013509
            ],
            [
              -70.7126397090006,
              -31.6364520922238
            ],
            [
              -70.7143487691922,
              -31.6370420824529
            ],
            [
              -70.715784832683,
              -31.6366820888371
            ],
            [
              -70.7180428303626,
              -31.6348130689752
            ],
            [
              -70.7223769337936,
              -31.6305319866961
            ],
            [
              -70.724834978416,
              -31.628046934572
            ],
            [
              -70.7284450586736,
              -31.6258868723488
            ],
            [
              -70.7309541474848,
              -31.6238778384748
            ],
            [
              -70.7334652106021,
              -31.6220047653808
            ],
            [
              -70.7361402430113,
              -31.619788700847
            ],
            [
              -70.7383212368431,
              -31.6183966662887
            ],
            [
              -70.7413643742009,
              -31.6177426311849
            ],
            [
              -70.7437374533904,
              -31.6175735841614
            ],
            [
              -70.7465405331656,
              -31.6177395777842
            ],
            [
              -70.7489236677178,
              -31.6181154946842
            ],
            [
              -70.7512067285545,
              -31.6176764946236
            ],
            [
              -70.7539107735689,
              -31.6170254492209
            ],
            [
              -70.7553068891313,
              -31.6168023932642
            ],
            [
              -70.7568279138775,
              -31.6164404207646
            ],
            [
              -70.7585098868003,
              -31.6156683793548
            ],
            [
              -70.7600220470709,
              -31.6148303878632
            ],
            [
              -70.7608600177659,
              -31.6142743567743
            ],
            [
              -70.7612820422133,
              -31.6141323402361
            ],
            [
              -70.7623061060042,
              -31.6144583704015
            ],
            [
              -70.7636000870041,
              -31.6155303595388
            ],
            [
              -70.7648901482828,
              -31.6164662654021
            ],
            [
              -70.7663522531987,
              -31.6174672384296
            ],
            [
              -70.7680573054807,
              -31.6179202812691
            ],
            [
              -70.7700994543111,
              -31.6181642363125
            ],
            [
              -70.7720505569776,
              -31.6181371738677
            ],
            [
              -70.7741685328681,
              -31.617972177311
            ],
            [
              -70.7762056147052,
              -31.6179431404127
            ],
            [
              -70.7779097606127,
              -31.6183281348141
            ],
            [
              -70.778632739719,
              -31.6186920510277
            ],
            [
              -70.7812598362412,
              -31.6204610523705
            ],
            [
              -70.7828119861011,
              -31.621733987137
            ],
            [
              -70.7851421178507,
              -31.6237439957924
            ],
            [
              -70.7875952742088,
              -31.6255489410006
            ],
            [
              -70.7898393353032,
              -31.627491866909
            ],
            [
              -70.7930064865845,
              -31.6288778723739
            ],
            [
              -70.7958236530667,
              -31.629723800178
            ],
            [
              -70.7982236673757,
              -31.6309848047073
            ],
            [
              -70.8011528778276,
              -31.6331907419901
            ],
            [
              -70.8026149817851,
              -31.6341917482673
            ],
            [
              -70.805103095823,
              -31.635586671652
            ],
            [
              -70.8079262533354,
              -31.6367046440488
            ],
            [
              -70.811235302376,
              -31.6366575548112
            ],
            [
              -70.8159705214042,
              -31.6357044878395
            ],
            [
              -70.8216106721035,
              -31.6354884686042
            ],
            [
              -70.8236467132039,
              -31.6354593964296
            ],
            [
              -70.8266178333379,
              -31.6354843745112
            ],
            [
              -70.8287479803749,
              -31.6358623118461
            ],
            [
              -70.8303720093464,
              -31.6364522355574
            ],
            [
              -70.8324291387714,
              -31.6374442677003
            ],
            [
              -70.8352442084131,
              -31.638153216654
            ],
            [
              -70.8378753638359,
              -31.6381831954427
            ],
            [
              -70.8413454743336,
              -31.6376570904835
            ],
            [
              -70.844628547799,
              -31.6362470980222
            ],
            [
              -70.8473975771181,
              -31.634641060606
            ],
            [
              -70.8496256166493,
              -31.6335869846368
            ],
            [
              -70.8524287417887,
              -31.6336828878996
            ],
            [
              -70.8550808967195,
              -31.6347339293226
            ],
            [
              -70.8591190907685,
              -31.6371948875989
            ],
            [
              -70.8623992806229,
              -31.6399388186027
            ],
            [
              -70.8658484266637,
              -31.6426127113809
            ],
            [
              -70.8687055738144,
              -31.64543165310119
            ],
            [
              -70.874258878968,
              -31.64718861549879
            ],
            [
              -70.879132056238,
              -31.6488884983477
            ],
            [
              -70.882504236815,
              -31.6498595228885
            ],
            [
              -70.8847382691135,
              -31.651189480335
            ],
            [
              -70.8873245106772,
              -31.6531263919543
            ],
            [
              -70.8896545442219,
              -31.6549984008996
            ],
            [
              -70.8914657186645,
              -31.6564013431348
            ],
            [
              -70.8937027965488,
              -31.6578672995259
            ],
            [
              -70.8957618849115,
              -31.6589262648474
            ],
            [
              -70.8986559560736,
              -31.6592911918422
            ],
            [
              -70.9016280712763,
              -31.6593152140319
            ],
            [
              -70.9021800837467,
              -31.6593071651012
            ],
            [
              -70.9048151975881,
              -31.6594721648156
            ],
            [
              -70.9066923149946,
              -31.6599211056012
            ],
            [
              -70.9081553807845,
              -31.660920129863
            ],
            [
              -70.9095444357288,
              -31.6623980288007
            ],
            [
              -70.9112075565015,
              -31.664825026783
            ],
            [
              -70.9122646335825,
              -31.6667160227257
            ],
            [
              -70.9133826637141,
              -31.6673800102841
            ],
            [
              -70.9150647803806,
              -31.66660602284099
            ],
            [
              -70.9163097787655,
              -31.6652249293661
            ],
            [
              -70.9173878190253,
              -31.663982918489
            ],
            [
              -70.919221778459,
              -31.6623209063009
            ],
            [
              -70.9212238777447,
              -31.6605878940344
            ],
            [
              -70.9227288216645,
              -31.65947586861749
            ],
            [
              -70.9244999754408,
              -31.6589038165628
            ],
            [
              -70.9275560485742,
              -31.6588577737503
            ],
            [
              -70.9298510907615,
              -31.6590277497969
            ],
            [
              -70.9318011979909,
              -31.6588616730992
            ],
            [
              -70.9335742587434,
              -31.6584266614634
            ],
            [
              -70.9366143467288,
              -31.6576316305337
            ],
            [
              -70.939573443905,
              -31.6570416053059
            ],
            [
              -70.9417775469959,
              -31.65687151475541
            ],
            [
              -70.9424335993795,
              -31.6578155685465
            ],
            [
              -70.9429656305016,
              -31.658896547787
            ],
            [
              -70.9440237074096,
              -31.6607875219754
            ],
            [
              -70.9456028127007,
              -31.663215527857
            ],
            [
              -70.9464908192832,
              -31.6651085323036
            ],
            [
              -70.946864908516,
              -31.6667374978349
            ],
            [
              -70.9482730073226,
              -31.6690994325996
            ],
            [
              -70.950956203852,
              -31.6715784188029
            ],
            [
              -70.9538072882197,
              -31.6739183877139
            ],
            [
              -70.9583525212005,
              -31.676027262652
            ],
            [
              -70.9620566706661,
              -31.6765152312404
            ],
            [
              -70.9651028029357,
              -31.6759921737349
            ],
            [
              -70.9691529512376,
              -31.6747720899966
            ],
            [
              -70.972109929979,
              -31.6741130705228
            ],
            [
              -70.9739620947545,
              -31.6733350408244
            ],
            [
              -70.9770751688157,
              -31.6719930208925
            ],
            [
              -70.9786581852653,
              -31.6705380167031
            ],
            [
              -70.9793091095054,
              -31.6692350102684
            ],
            [
              -70.9797901742948,
              -31.6678650085335
            ],
            [
              -70.9804441615989,
              -31.6666969699987
            ],
            [
              -70.9824712031878,
              -31.6661889645255
            ],
            [
              -70.984439297876,
              -31.6669069191783
            ],
            [
              -70.9861664061115,
              -31.6682428613157
            ],
            [
              -70.9883845235839,
              -31.6687528219774
            ],
            [
              -70.9919055886673,
              -31.6666548188483
            ],
            [
              -70.9950965589712,
              -31.6629957641867
            ],
            [
              -70.9974975828133,
              -31.6601657290884
            ],
            [
              -70.9981285927664,
              -31.657908650176
            ],
            [
              -70.9986876121762,
              -31.6562646862329
            ],
            [
              -70.999360574028,
              -31.6559826469731
            ],
            [
              -71.0009036559516,
              -31.6566396432423
            ],
            [
              -71.0037077388685,
              -31.6567995680359
            ],
            [
              -71.0064238434414,
              -31.6567565269352
            ],
            [
              -71.009300984947,
              -31.6563024756614
            ],
            [
              -71.0106410014129,
              -31.6554644462017
            ],
            [
              -71.0114780477374,
              -31.6549064538688
            ],
            [
              -71.0129320366804,
              -31.6554284122102
            ],
            [
              -71.014237120738,
              -31.6569064568784
            ],
            [
              -71.0165043550186,
              -31.6596624492667
            ],
            [
              -71.0173183508977,
              -31.6619654056922
            ],
            [
              -71.0181924024435,
              -31.6631083648879
            ],
            [
              -71.0198954755959,
              -31.6633543575578
            ],
            [
              -71.0219355716394,
              -31.6634583336859
            ],
            [
              -71.0271997741888,
              -31.663511247282
            ],
            [
              -71.0282657796857,
              -31.6636982507517
            ],
            [
              -71.0288848801351,
              -31.6648461709965
            ],
            [
              -71.0286948687174,
              -31.6678452003417
            ],
            [
              -71.0288219359071,
              -31.6697502229303
            ],
            [
              -71.0295319818257,
              -31.6711691878205
            ],
            [
              -71.0316761055543,
              -31.6721571713757
            ],
            [
              -71.0327262329344,
              -31.6735701608986
            ],
            [
              -71.0308312075861,
              -31.6762562003962
            ],
            [
              -71.0275781835652,
              -31.6828462617873
            ],
            [
              -71.0275172997056,
              -31.6859112419912
            ],
            [
              -71.027538231572,
              -31.6868642057809
            ],
            [
              -71.0287573287867,
              -31.688275252587
            ],
            [
              -71.0311684455568,
              -31.6898031312708
            ],
            [
              -71.0331335599201,
              -31.6903161602148
            ],
            [
              -71.0346585874896,
              -31.6901560804852
            ],
            [
              -71.0362535832186,
              -31.6893130818406
            ],
            [
              -71.0379286826903,
              -31.6882650181948
            ],
            [
              -71.040133807959,
              -31.6880940219772
            ],
            [
              -71.042696871045,
              -31.6888019787927
            ],
            [
              -71.0447740087162,
              -31.6906069892218
            ],
            [
              -71.049271204249,
              -31.6942809261568
            ],
            [
              -71.0503472897848,
              -31.6968508363917
            ],
            [
              -71.0511354088792,
              -31.6979279011452
            ],
            [
              -71.0531044712505,
              -31.6986458389394
            ],
            [
              -71.0547185442399,
              -31.6986878473706
            ],
            [
              -71.0581926062055,
              -31.6982907698082
            ],
            [
              -71.061739765632,
              -31.6974167336312
            ],
            [
              -71.0631377248442,
              -31.6972576490374
            ],
            [
              -71.0651038233731,
              -31.6978386180696
            ],
            [
              -71.0663988925346,
              -31.6987716361273
            ],
            [
              -71.0674590179573,
              -31.7005926466081
            ],
            [
              -71.0684390658363,
              -31.7026876162843
            ],
            [
              -71.0694021700587,
              -31.7039655740335
            ],
            [
              -71.0700272504473,
              -31.705317562242
            ],
            [
              -71.0707442645731,
              -31.7070085375445
            ],
            [
              -71.0712823224675,
              -31.708293579624
            ],
            [
              -71.0724903258909,
              -31.7091595736236
            ],
            [
              -71.0751334666951,
              -31.709593526961
            ],
            [
              -71.0777655508615,
              -31.7095504715683
            ],
            [
              -71.0808326998452,
              -31.7099773936436
            ],
            [
              -71.0826437795153,
              -31.7111733871468
            ],
            [
              -71.0842178573884,
              -31.7131903232217
            ],
            [
              -71.0875080430858,
              -31.7159972955343
            ],
            [
              -71.0909192651801,
              -31.7184612585804
            ],
            [
              -71.0927563285958,
              -31.7208142280677
            ],
            [
              -71.0936434027489,
              -31.7225021923307
            ],
            [
              -71.0936845251788,
              -31.7243402316715
            ],
            [
              -71.0938975412825,
              -31.7262431885377
            ],
            [
              -71.0946105805446,
              -31.727730239963
            ],
            [
              -71.0950086939242,
              -31.7303112015088
            ],
            [
              -71.0952866548092,
              -31.7313281815982
            ],
            [
              -71.0947087307979,
              -31.7320871944548
            ],
            [
              -71.0931166401189,
              -31.7330661805813
            ],
            [
              -71.0919546116658,
              -31.7343112047229
            ],
            [
              -71.0912785929772,
              -31.7363652069263
            ],
            [
              -71.0908896835736,
              -31.7379382803614
            ],
            [
              -71.0921027233177,
              -31.7390072102255
            ],
            [
              -71.0940838913772,
              -31.7402012113939
            ],
            [
              -71.0953809235303,
              -31.7412011649976
            ],
            [
              -71.0960159569873,
              -31.7429611503228
            ],
            [
              -71.0931579284545,
              -31.7443701699325
            ],
            [
              -71.0894377680897,
              -31.7451803204386
            ],
            [
              -71.0882757782767,
              -31.7464252955884
            ],
            [
              -71.0875377450585,
              -31.7475953215349
            ],
            [
              -71.0873407747143,
              -31.7501863229898
            ],
            [
              -71.0867268316266,
              -31.7531242958165
            ],
            [
              -71.0866539205213,
              -31.7555773497351
            ],
            [
              -71.0859399370019,
              -31.7578363362475
            ],
            [
              -71.0858069879146,
              -31.7594722963532
            ],
            [
              -71.0856689793694,
              -31.7609053323508
            ],
            [
              -71.0858619782891,
              -31.761923343606
            ],
            [
              -71.0868180529796,
              -31.7628613099742
            ],
            [
              -71.0881060711639,
              -31.7634532553548
            ],
            [
              -71.0892331818218,
              -31.7644563176032
            ],
            [
              -71.0892612378648,
              -31.7656812376544
            ],
            [
              -71.08946124091,
              -31.7670402530394
            ],
            [
              -71.090029342359,
              -31.7696182645004
            ],
            [
              -71.0900664041333,
              -31.7712522421695
            ],
            [
              -71.091856560093,
              -31.7771471927758
            ],
            [
              -71.0925746009919,
              -31.7788382551561
            ],
            [
              -71.0923426090251,
              -31.7798632544349
            ],
            [
              -71.0909206268501,
              -31.7809082503931
            ],
            [
              -71.088868606903,
              -31.7841423038325
            ],
            [
              -71.0869886150606,
              -31.7875103335056
            ],
            [
              -71.085644646281,
              -31.7920273712141
            ],
            [
              -71.0843376233879,
              -31.7962703338404
            ],
            [
              -71.084286692497,
              -31.7977693896627
            ],
            [
              -71.0857567771991,
              -31.7989033187097
            ],
            [
              -71.0873888340713,
              -31.7996253493469
            ],
            [
              -71.089525905612,
              -31.8001352364476
            ],
            [
              -71.0918310240161,
              -31.8005742263867
            ],
            [
              -71.0935561474447,
              -31.8016352317556
            ],
            [
              -71.0950452457639,
              -31.803585153603
            ],
            [
              -71.0955072753554,
              -31.8052121397987
            ],
            [
              -71.0955392509398,
              -31.8066421783565
            ],
            [
              -71.096352350381,
              -31.8087391393916
            ],
            [
              -71.0971464186966,
              -31.8100201698247
            ],
            [
              -71.0991805595698,
              -31.8116211119422
            ],
            [
              -71.1005686442638,
              -31.8128241291965
            ],
            [
              -71.1009506771553,
              -31.8146561525465
            ],
            [
              -71.0998126582466,
              -31.8169901212412
            ],
            [
              -71.0986717405498,
              -31.8191881109251
            ],
            [
              -71.0986127270537,
              -31.820347177911
            ],
            [
              -71.1000888161599,
              -31.821685102989
            ],
            [
              -71.1005277905585,
              -31.8222900818348
            ],
            [
              -71.0998828999514,
              -31.82386712687959
            ],
            [
              -71.0977237662705,
              -31.8261501891046
            ],
            [
              -71.0956458128478,
              -31.8282951619669
            ],
            [
              -71.0930647539718,
              -31.8326282646752
            ],
            [
              -71.0900047465949,
              -31.836492245776
            ],
            [
              -71.0885498043048,
              -31.8398533151109
            ],
            [
              -71.0883607939223,
              -31.8427842766526
            ],
            [
              -71.0890079307652,
              -31.8450892962303
            ],
            [
              -71.0903169746078,
              -31.8465652616392
            ],
            [
              -71.091321061851,
              -31.8477062160269
            ],
            [
              -71.092799171385,
              -31.8491121883278
            ],
            [
              -71.0936912125752,
              -31.8509361869104
            ],
            [
              -71.0938252639546,
              -31.8531132277361
            ],
            [
              -71.0934693351859,
              -31.8561842282039
            ],
            [
              -71.0916103376524,
              -31.8605042489515
            ],
            [
              -71.0910603849949,
              -31.8663022542137
            ],
            [
              -71.0911265530249,
              -31.8711362538549
            ],
            [
              -71.0921055976902,
              -31.8730262042846
            ],
            [
              -71.0924846898599,
              -31.8747222650112
            ],
            [
              -71.0916027444636,
              -31.8771202294497
            ],
            [
              -71.0884605995092,
              -31.879722302216
            ],
            [
              -71.0892616646903,
              -31.8796592591949
            ],
            [
              -71.0922187656438,
              -31.8794632269118
            ],
            [
              -71.0946208928302,
              -31.8792752147038
            ],
            [
              -71.0967669092412,
              -31.8786961368708
            ],
            [
              -71.0984650089012,
              -31.8787671467189
            ],
            [
              -71.1018040626172,
              -31.8791071117719
            ],
            [
              -71.1045112020577,
              -31.8787660332647
            ],
            [
              -71.1090063407059,
              -31.8783459925231
            ],
            [
              -71.1123274787331,
              -31.8778958815416
            ],
            [
              -71.115102505717,
              -31.8778499106184
            ],
            [
              -71.1210687856053,
              -31.8783917546962
            ],
            [
              -71.1237999306103,
              -31.87908672293459
            ],
            [
              -71.1261649970926,
              -31.8799857175716
            ],
            [
              -71.12735905221,
              -31.8809036442375
            ],
            [
              -71.1296571970355,
              -31.8816056398434
            ],
            [
              -71.1328742812115,
              -31.8819466278859
            ],
            [
              -71.1348744178275,
              -31.8830985391769
            ],
            [
              -71.1378675334007,
              -31.8844304938415
            ],
            [
              -71.1400325897119,
              -31.8846905298803
            ],
            [
              -71.1445388114291,
              -31.886095420341
            ],
            [
              -71.1507259821268,
              -31.8868302637116
            ],
            [
              -71.1540612206568,
              -31.8895883003396
            ],
            [
              -71.1583485627789,
              -31.896181222116
            ],
            [
              -71.1608196983801,
              -31.8989041145538
            ],
            [
              -71.1627537843512,
              -31.8998091028136
            ],
            [
              -71.1646837931437,
              -31.9005661347437
            ],
            [
              -71.1657929262978,
              -31.9004481092631
            ],
            [
              -71.1677429476819,
              -31.8994280676551
            ],
            [
              -71.1726870825942,
              -31.8984050012302
            ],
            [
              -71.1754951815213,
              -31.8971229598823
            ],
            [
              -71.176869209292,
              -31.8951739427995
            ],
            [
              -71.1780011712193,
              -31.8934759091886
            ],
            [
              -71.1797442011619,
              -31.891470839902
            ],
            [
              -71.1804982038953,
              -31.8894338546804
            ],
            [
              -71.1807561897317,
              -31.8873057873437
            ],
            [
              -71.1828771554525,
              -31.88435683831
            ],
            [
              -71.1846381985545,
              -31.8805247695514
            ],
            [
              -71.1864941553547,
              -31.8781227258808
            ],
            [
              -71.1880051999199,
              -31.8768126779924
            ],
            [
              -71.1899621955313,
              -31.8760876587292
            ],
            [
              -71.1921033420522,
              -31.8753106533531
            ],
            [
              -71.1941703843153,
              -31.8740406412922
            ],
            [
              -71.19597738106,
              -31.8721826123726
            ],
            [
              -71.1970143991356,
              -31.8703875844854
            ],
            [
              -71.1979633807332,
              -31.8687905943667
            ],
            [
              -71.1999634097795,
              -31.8672755214351
            ],
            [
              -71.2015984097077,
              -31.8659635333669
            ],
            [
              -71.203067503418,
              -31.8654935280557
            ],
            [
              -71.205889555544,
              -31.8648514135094
            ],
            [
              -71.2087006280656,
              -31.8637164340403
            ],
            [
              -71.2112537689363,
              -31.8621423324988
            ],
            [
              -71.2131817357644,
              -31.8602323788581
            ],
            [
              -71.2176218458711,
              -31.85630325943781
            ],
            [
              -71.2195518485793,
              -31.8544921941636
            ],
            [
              -71.2200418461183,
              -31.8517682048719
            ],
            [
              -71.2196737805214,
              -31.8492572413994
            ],
            [
              -71.2195646991888,
              -31.8472842481426
            ],
            [
              -71.2206607406728,
              -31.846721256714
            ],
            [
              -71.2219017473143,
              -31.8470451888451
            ],
            [
              -71.2236478549543,
              -31.8478051875492
            ],
            [
              -71.2261420227121,
              -31.8489460991204
            ],
            [
              -71.22887011937,
              -31.849540101261
            ],
            [
              -71.2303381714477,
              -31.8490210258727
            ],
            [
              -71.2311751134245,
              -31.8479200904627
            ],
            [
              -71.232108182311,
              -31.84568206802
            ],
            [
              -71.2336500747351,
              -31.8418530435291
            ],
            [
              -71.2349720350051,
              -31.8378800356322
            ],
            [
              -71.235938959514,
              -31.8319380240318
            ],
            [
              -71.2371029456892,
              -31.8290539197131
            ],
            [
              -71.2382509319979,
              -31.8280959474886
            ],
            [
              -71.2404670091266,
              -31.8279089234545
            ],
            [
              -71.2485363159471,
              -31.8275687601384
            ],
            [
              -71.2511223811767,
              -31.8274247048514
            ],
            [
              -71.2535005111467,
              -31.8262957189869
            ],
            [
              -71.2540834885015,
              -31.8249526544399
            ],
            [
              -71.2544584476008,
              -31.8225307381615
            ],
            [
              -71.2545224531593,
              -31.8214396589643
            ],
            [
              -71.2558764021002,
              -31.8187986258907
            ],
            [
              -71.257441463608,
              -31.8172406205241
            ],
            [
              -71.2604254682741,
              -31.815706552362
            ],
            [
              -71.263441664851,
              -31.8155045599124
            ],
            [
              -71.2668286709468,
              -31.8153455131148
            ],
            [
              -71.2692478096456,
              -31.8159444429237
            ],
            [
              -71.2703548826635,
              -31.8158254808399
            ],
            [
              -71.2726418534539,
              -31.8135633801205
            ],
            [
              -71.2725048450305,
              -31.8117384054038
            ],
            [
              -71.273426789692,
              -31.8091053815705
            ],
            [
              -71.2743727932714,
              -31.8074593853826
            ],
            [
              -71.2758178870438,
              -31.806051391402
            ],
            [
              -71.2767238468404,
              -31.8052943670785
            ],
            [
              -71.2784298853106,
              -31.80447333596859
            ],
            [
              -71.2796948820138,
              -31.8032663195511
            ],
            [
              -71.2799249346929,
              -31.8025712554583
            ],
            [
              -71.2799048994663,
              -31.80178128042891
            ],
            [
              -71.2800158888402,
              -31.7987672420233
            ],
            [
              -71.2799427547898,
              -31.7970413461715
            ],
            [
              -71.2806127257766,
              -31.7942142770322
            ],
            [
              -71.2816797226485,
              -31.792467300498
            ],
            [
              -71.2829427875486,
              -31.7912102363981
            ],
            [
              -71.2855438805229,
              -31.7891892201565
            ],
            [
              -71.2873628939555,
              -31.7879711976503
            ],
            [
              -71.2894669206151,
              -31.7858101304905
            ],
            [
              -71.2903128518005,
              -31.7838691086867
            ],
            [
              -71.2904838438796,
              -31.7808051131664
            ],
            [
              -71.2916868640629,
              -31.7795991026346
            ],
            [
              -71.2932108676877,
              -31.7789301415327
            ],
            [
              -71.2972469981286,
              -31.7776720102589
            ],
            [
              -71.300380106472,
              -31.7772699198327
            ],
            [
              -71.3035572481533,
              -31.7761759445369
            ],
            [
              -71.3058132852074,
              -31.7751968732802
            ],
            [
              -71.3090183047262,
              -31.7727188391008
            ],
            [
              -71.3128063886853,
              -31.7701887470131
            ],
            [
              -71.3152264799365,
              -31.7683677855063
            ],
            [
              -71.3198505580722,
              -31.7660136605011
            ],
            [
              -71.3232366593304,
              -31.763434586842
            ],
            [
              -71.3241846677354,
              -31.7618876035383
            ],
            [
              -71.3258007182216,
              -31.7599825406342
            ],
            [
              -71.3267326594157,
              -31.7578435677449
            ],
            [
              -71.3276526328734,
              -31.7534825716861
            ],
            [
              -71.329014555445,
              -31.7477045520428
            ],
            [
              -71.3296794913306,
              -31.7432385378549
            ],
            [
              -71.3291323387096,
              -31.7404715571748
            ],
            [
              -71.3297373464308,
              -31.7384014893767
            ],
            [
              -71.3312713623933,
              -31.7352134980564
            ],
            [
              -71.3313632930897,
              -31.7329134467276
            ],
            [
              -71.3298961720697,
              -31.7292044972785
            ],
            [
              -71.3288871024134,
              -31.7270685102807
            ],
            [
              -71.3286660024099,
              -31.7253965746336
            ],
            [
              -71.3285439469867,
              -31.7229085220701
            ],
            [
              -71.3271538931939,
              -31.7198695819916
            ],
            [
              -71.3274177938631,
              -31.7172786017293
            ],
            [
              -71.3273027852021,
              -31.7150785581482
            ],
            [
              -71.3281636941003,
              -31.7112795985604
            ],
            [
              -71.3294546666128,
              -31.7079995492543
            ],
            [
              -71.3324846830321,
              -31.703778496939
            ],
            [
              -71.3364197945898,
              -31.701120467234
            ],
            [
              -71.3379258390587,
              -31.6992733884047
            ],
            [
              -71.3399678838481,
              -31.6973204012612
            ],
            [
              -71.3418328338755,
              -31.6955143045043
            ],
            [
              -71.3471829791812,
              -31.69216028922621
            ],
            [
              -71.3500320329883,
              -31.6902881648152
            ],
            [
              -71.3543781887078,
              -31.6874310876671
            ],
            [
              -71.3581972628962,
              -31.6849660943689
            ],
            [
              -71.3625013815971,
              -31.6827790004851
            ],
            [
              -71.3668824274049,
              -31.681308944933
            ],
            [
              -71.3697515307029,
              -31.6791008980762
            ],
            [
              -71.374749613429,
              -31.6760878025744
            ],
            [
              -71.3762516524762,
              -31.6740958092562
            ],
            [
              -71.3775326476286,
              -31.6704877872691
            ],
            [
              -71.3788636345852,
              -31.6688357862391
            ],
            [
              -71.3804327059977,
              -31.6671307463986
            ],
            [
              -71.3820646798717,
              -31.6656166738431
            ],
            [
              -71.383532661862,
              -31.6646316432512
            ],
            [
              -71.3855327847509,
              -31.6634936060564
            ],
            [
              -71.386931747761,
              -31.6621745938609
            ],
            [
              -71.3883148365969,
              -31.6602335643791
            ],
            [
              -71.3895677801647,
              -31.6578645864013
            ],
            [
              -71.3908458612706,
              -31.6565005435157
            ],
            [
              -71.392978829429,
              -31.6558865106195
            ],
            [
              -71.3968949706699,
              -31.6545114920587
            ],
            [
              -71.3963589766706,
              -31.6052484721199
            ],
            [
              -71.3906137069971,
              -31.6034355093577
            ],
            [
              -71.3882716005764,
              -31.60355555662
            ],
            [
              -71.3845274760948,
              -31.6038136584771
            ],
            [
              -71.381998364036,
              -31.60397368553
            ],
            [
              -71.3792702584485,
              -31.6036477399139
            ],
            [
              -71.3733240406254,
              -31.6031188751681
            ],
            [
              -71.3708669201829,
              -31.6023738317249
            ],
            [
              -71.3685908886757,
              -31.6013999147197
            ],
            [
              -71.3651566509047,
              -31.6009739360126
            ],
            [
              -71.3629085806316,
              -31.6010909499791
            ],
            [
              -71.3605005331217,
              -31.6023020042575
            ],
            [
              -71.3589415005088,
              -31.6036860878468
            ],
            [
              -71.3570084944322,
              -31.6051520936316
            ],
            [
              -71.3541864515895,
              -31.6057690952644
            ],
            [
              -71.3507133080397,
              -31.6056822050371
            ],
            [
              -71.3493552687945,
              -31.6057451656328
            ],
            [
              -71.3475891966464,
              -31.6063801978806
            ],
            [
              -71.3461201855565,
              -31.6076492941236
            ],
            [
              -71.3447431024098,
              -31.6088412751136
            ],
            [
              -71.3429650902925,
              -31.6090242731786
            ],
            [
              -71.3415939959233,
              -31.608598294633
            ],
            [
              -71.3401319850562,
              -31.6082483747389
            ],
            [
              -71.3387828809931,
              -31.6086873356383
            ],
            [
              -71.3380239219814,
              -31.6102443783683
            ],
            [
              -71.3353228978848,
              -31.6119504228538
            ],
            [
              -71.331849780987,
              -31.6137074793275
            ],
            [
              -71.3301576847685,
              -31.6135874943386
            ],
            [
              -71.3285856503338,
              -31.6126005467995
            ],
            [
              -71.3279135463904,
              -31.6119725353084
            ],
            [
              -71.3272935124115,
              -31.6115695053722
            ],
            [
              -71.325138529739,
              -31.6116845410353
            ],
            [
              -71.3234814312575,
              -31.6110365634423
            ],
            [
              -71.3221423117937,
              -31.6100075957672
            ],
            [
              -71.3207482279768,
              -31.6086396874824
            ],
            [
              -71.3187891225379,
              -31.6071696479856
            ],
            [
              -71.316311964449,
              -31.6056337420078
            ],
            [
              -71.3148649689207,
              -31.60498274853011
            ],
            [
              -71.3134618589222,
              -31.6051207334366
            ],
            [
              -71.3095018145444,
              -31.6061708073575
            ],
            [
              -71.3076477859281,
              -31.607070877569
            ],
            [
              -71.3056577080143,
              -31.6081609003055
            ],
            [
              -71.2999675047506,
              -31.6094679241917
            ],
            [
              -71.297341401144,
              -31.6104180180118
            ],
            [
              -71.2928823030544,
              -31.6102720565957
            ],
            [
              -71.2910442629672,
              -31.6099291462099
            ],
            [
              -71.2898561745677,
              -31.6092731129925
            ],
            [
              -71.2890390867562,
              -31.6084971441404
            ],
            [
              -71.2874300596901,
              -31.6078861693658
            ],
            [
              -71.2846319696977,
              -31.6085381986399
            ],
            [
              -71.2831398869312,
              -31.6089041898164
            ],
            [
              -71.2793637725316,
              -31.60889625899519
            ],
            [
              -71.2761466386063,
              -31.609668321826
            ],
            [
              -71.2735456012341,
              -31.6106933303453
            ],
            [
              -71.2703765316063,
              -31.6115404359414
            ],
            [
              -71.2682194086201,
              -31.6115794935379
            ],
            [
              -71.2664723291194,
              -31.6110835298736
            ],
            [
              -71.264661257427,
              -31.6099105372963
            ],
            [
              -71.2630691726519,
              -31.608056533965
            ],
            [
              -71.2629351419815,
              -31.6064025459391
            ],
            [
              -71.2621310651081,
              -31.6051745741425
            ],
            [
              -71.2605719692797,
              -31.6046755538927
            ],
            [
              -71.2577248450477,
              -31.6052526461646
            ],
            [
              -71.2559158459852,
              -31.6060747089246
            ],
            [
              -71.2529807295463,
              -31.6069176986291
            ],
            [
              -71.2503116788055,
              -31.6070777693153
            ],
            [
              -71.2477005648557,
              -31.606899809957
            ],
            [
              -71.2422822465109,
              -31.6027768554074
            ],
            [
              -71.2418192622876,
              -31.6010909097409
            ],
            [
              -71.2421991594592,
              -31.5993148387157
            ],
            [
              -71.2444372741047,
              -31.5978078211217
            ],
            [
              -71.245901259158,
              -31.5962758585684
            ],
            [
              -71.2469553205881,
              -31.5952407624294
            ],
            [
              -71.2492912884932,
              -31.5929417590694
            ],
            [
              -71.2525094098531,
              -31.5902497266383
            ],
            [
              -71.2561284917713,
              -31.5886426470931
            ],
            [
              -71.2578385153609,
              -31.5866226193042
            ],
            [
              -71.2576723730455,
              -31.5816956464371
            ],
            [
              -71.2562832244064,
              -31.5785216863462
            ],
            [
              -71.254428191012,
              -31.5754686855455
            ],
            [
              -71.2521620154248,
              -31.5725526751947
            ],
            [
              -71.2501458512151,
              -31.569753707456
            ],
            [
              -71.2486857728058,
              -31.5674628178975
            ],
            [
              -71.247105728195,
              -31.5666758040495
            ],
            [
              -71.2445185654566,
              -31.566157836908
            ],
            [
              -71.2447535367883,
              -31.5629597972334
            ],
            [
              -71.2426333440281,
              -31.5558578860197
            ],
            [
              -71.2442702475066,
              -31.5525408094269
            ],
            [
              -71.2431181321585,
              -31.5467988683243
            ],
            [
              -71.2458271352345,
              -31.5426178307534
            ],
            [
              -71.2429759602301,
              -31.5408518457226
            ],
            [
              -71.2434529860028,
              -31.5379628004332
            ],
            [
              -71.2456870628277,
              -31.5367647723683
            ],
            [
              -71.2457078450265,
              -31.5311277785572
            ],
            [
              -71.2481298511796,
              -31.5247597808349
            ],
            [
              -71.2487608959333,
              -31.5240447243471
            ],
            [
              -71.2494208326561,
              -31.5232967674136
            ],
            [
              -71.2511568441464,
              -31.5208856568744
            ],
            [
              -71.2544578599261,
              -31.5154106887987
            ],
            [
              -71.2558138255559,
              -31.5119776575075
            ],
            [
              -71.2562897692446,
              -31.5065046276699
            ],
            [
              -71.2584637512951,
              -31.5010026133901
            ],
            [
              -71.2784326072357,
              -31.5082592571464
            ],
            [
              -71.2802366733665,
              -31.5075432759459
            ],
            [
              -71.2814126652213,
              -31.505961253318
            ],
            [
              -71.2823386527607,
              -31.5040911843753
            ],
            [
              -71.2831556769038,
              -31.5027111641599
            ],
            [
              -71.2849307146054,
              -31.5008252044749
            ],
            [
              -71.2874347477051,
              -31.4989271924427
            ],
            [
              -71.290030700177,
              -31.4958550639993
            ],
            [
              -71.2943628541976,
              -31.49177803766189
            ],
            [
              -71.2963238142914,
              -31.4875470113077
            ],
            [
              -71.2960017324987,
              -31.4843330179417
            ],
            [
              -71.2951695828392,
              -31.4800550506957
            ],
            [
              -71.2933964691481,
              -31.477062045486
            ],
            [
              -71.2920743227116,
              -31.4725970332708
            ],
            [
              -71.2917482418441,
              -31.4691880849885
            ],
            [
              -71.2907372077263,
              -31.4675470765306
            ],
            [
              -71.2896611038333,
              -31.4657131515091
            ],
            [
              -71.2876720303787,
              -31.4637971092212
            ],
            [
              -71.2847438803048,
              -31.4631661980928
            ],
            [
              -71.2798507023791,
              -31.4615952401463
            ],
            [
              -71.2764224923907,
              -31.4603873232132
            ],
            [
              -71.274826399906,
              -31.459635332349
            ],
            [
              -71.2739583782007,
              -31.4588703187784
            ],
            [
              -71.2733453931633,
              -31.458588346384
            ],
            [
              -71.2716422441236,
              -31.4584233937408
            ],
            [
              -71.2703091961699,
              -31.4585443562942
            ],
            [
              -71.2689802046449,
              -31.4587634600306
            ],
            [
              -71.2671762037919,
              -31.4594784531097
            ],
            [
              -71.2653591327315,
              -31.459608490259
            ],
            [
              -71.2630009864682,
              -31.4587225490571
            ],
            [
              -71.2607559315862,
              -31.4587135032943
            ],
            [
              -71.2586258442533,
              -31.4584585997349
            ],
            [
              -71.2573947899536,
              -31.457748585036
            ],
            [
              -71.2565767507503,
              -31.4565435733576
            ],
            [
              -71.2560676605734,
              -31.4555275799135
            ],
            [
              -71.254274585728,
              -31.4541446520056
            ],
            [
              -71.2523614606214,
              -31.4528126979907
            ],
            [
              -71.2506993840023,
              -31.4518166896365
            ],
            [
              -71.2488433478779,
              -31.4503377393614
            ],
            [
              -71.2469742080712,
              -31.4483207062052
            ],
            [
              -71.2459261504025,
              -31.4476077920985
            ],
            [
              -71.2446110306667,
              -31.4471917856367
            ],
            [
              -71.2411238982035,
              -31.4459838331945
            ],
            [
              -71.2391587824592,
              -31.4449938671155
            ],
            [
              -71.2378138156178,
              -31.4443289392238
            ],
            [
              -71.2375007710206,
              -31.4441449069408
            ],
            [
              -71.2367917207133,
              -31.4424009286073
            ],
            [
              -71.2367506361632,
              -31.4406939020634
            ],
            [
              -71.2359316341588,
              -31.4393909053971
            ],
            [
              -71.2343835223783,
              -31.4381009132572
            ],
            [
              -71.2325644766808,
              -31.4381329941645
            ],
            [
              -71.2316084096248,
              -31.4387350068823
            ],
            [
              -71.231265390706,
              -31.4396680149036
            ],
            [
              -71.2308214917529,
              -31.4413829570915
            ],
            [
              -71.2302564293147,
              -31.4431489902722
            ],
            [
              -71.2292134961228,
              -31.4452169921666
            ],
            [
              -71.2279155058322,
              -31.4468000446948
            ],
            [
              -71.2262284254477,
              -31.4473170787513
            ],
            [
              -71.2238053470314,
              -31.4474571277037
            ],
            [
              -71.2222652916001,
              -31.4477770849358
            ],
            [
              -71.2191372055064,
              -31.44895318026339
            ],
            [
              -71.2158671837786,
              -31.4517902663985
            ],
            [
              -71.2139201332296,
              -31.454166302084
            ],
            [
              -71.2125861133016,
              -31.4567742740543
            ],
            [
              -71.2114161527508,
              -31.458648269673
            ],
            [
              -71.2103521232912,
              -31.4598383690343
            ],
            [
              -71.2088620793829,
              -31.460985395778
            ],
            [
              -71.2070660673841,
              -31.4620413509073
            ],
            [
              -71.204907936176,
              -31.4632003878025
            ],
            [
              -71.2030399205289,
              -31.4637694756259
            ],
            [
              -71.2009138754808,
              -31.4636594797967
            ],
            [
              -71.1994907203594,
              -31.4625134666254
            ],
            [
              -71.1989186926599,
              -31.4614005461446
            ],
            [
              -71.1985917116734,
              -31.4603815384193
            ],
            [
              -71.1977086131589,
              -31.4589825226463
            ],
            [
              -71.1971895699916,
              -31.4575275721574
            ],
            [
              -71.1976996067601,
              -31.4559575338886
            ],
            [
              -71.1983325723285,
              -31.4544835074165
            ],
            [
              -71.1992885276516,
              -31.4525644980079
            ],
            [
              -71.19964558845,
              -31.4518784735657
            ],
            [
              -71.199265544714,
              -31.4512024929312
            ],
            [
              -71.1985754414493,
              -31.4502385210456
            ],
            [
              -71.1974444301862,
              -31.4485985077722
            ],
            [
              -71.1958563906813,
              -31.4481385204073
            ],
            [
              -71.1947052855531,
              -31.448206607227
            ],
            [
              -71.1935112949186,
              -31.4490565926999
            ],
            [
              -71.1926822038024,
              -31.4499485662434
            ],
            [
              -71.1919751963844,
              -31.4508396451552
            ],
            [
              -71.1908992111654,
              -31.451540661177
            ],
            [
              -71.1899821344273,
              -31.4512636637347
            ],
            [
              -71.188044115087,
              -31.4496936432426
            ],
            [
              -71.1870700580692,
              -31.4486787148852
            ],
            [
              -71.1864950026732,
              -31.4474206486162
            ],
            [
              -71.1859059171616,
              -31.4455767268767
            ],
            [
              -71.1845378181519,
              -31.4428257384098
            ],
            [
              -71.1838917580136,
              -31.4411297028033
            ],
            [
              -71.1828937013304,
              -31.4399767925616
            ],
            [
              -71.181904590596,
              -31.4391637404747
            ],
            [
              -71.1798665708872,
              -31.4376377757892
            ],
            [
              -71.1786993871212,
              -31.434390822375
            ],
            [
              -71.176050248987,
              -31.4299968318344
            ],
            [
              -71.1743631486984,
              -31.4278798957991
            ],
            [
              -71.1736080939819,
              -31.4267218636863
            ],
            [
              -71.1722410012976,
              -31.4253308572269
            ],
            [
              -71.1706968767347,
              -31.4232399431785
            ],
            [
              -71.1698577674918,
              -31.4211629487261
            ],
            [
              -71.1684407542185,
              -31.4203439531182
            ],
            [
              -71.1673956755735,
              -31.420548974356
            ],
            [
              -71.1657656121079,
              -31.4205769893386
            ],
            [
              -71.164822571192,
              -31.4201240030659
            ],
            [
              -71.1613104665656,
              -31.4194330367784
            ],
            [
              -71.1592244518037,
              -31.4199371541332
            ],
            [
              -71.1566642791153,
              -31.420074170063
            ],
            [
              -71.1531761860987,
              -31.4204141591063
            ],
            [
              -71.1503971177069,
              -31.4212101854868
            ],
            [
              -71.1483240013779,
              -31.4222762833181
            ],
            [
              -71.1471820104816,
              -31.4233262968893
            ],
            [
              -71.1460370711368,
              -31.4241892812337
            ],
            [
              -71.1453099946613,
              -31.4229823554754
            ],
            [
              -71.1440038452624,
              -31.4193493291353
            ],
            [
              -71.1431117730434,
              -31.4159903208584
            ],
            [
              -71.1438416479306,
              -31.4122293218041
            ],
            [
              -71.1431295832433,
              -31.406524321133
            ],
            [
              -71.143571480288,
              -31.4003303678404
            ],
            [
              -71.1444344357288,
              -31.3973173141213
            ],
            [
              -71.14513232978,
              -31.3946813179251
            ],
            [
              -71.1456734039874,
              -31.3928913163495
            ],
            [
              -71.1459023806117,
              -31.3927003236463
            ],
            [
              -71.1443543030509,
              -31.3912263384031
            ],
            [
              -71.1422241046325,
              -31.3897623132691
            ],
            [
              -71.1392570134688,
              -31.3873754344484
            ],
            [
              -71.1381709206167,
              -31.3857064079016
            ],
            [
              -71.135759771044,
              -31.3820914106669
            ],
            [
              -71.1347536928569,
              -31.3788274748854
            ],
            [
              -71.1344965297701,
              -31.3700224519776
            ],
            [
              -71.1349073747291,
              -31.3675784552758
            ],
            [
              -71.1354913981831,
              -31.3655464830435
            ],
            [
              -71.1370283745782,
              -31.3635134304171
            ],
            [
              -71.1375593879421,
              -31.3612543859532
            ],
            [
              -71.1384373193687,
              -31.3588974021899
            ],
            [
              -71.1393093657171,
              -31.3562583620587
            ],
            [
              -71.1392482508041,
              -31.3535413300496
            ],
            [
              -71.1381681943381,
              -31.3521534188319
            ],
            [
              -71.1365021160186,
              -31.3505884558233
            ],
            [
              -71.1339929614948,
              -31.3477244651758
            ],
            [
              -71.1323427998144,
              -31.3442974858517
            ],
            [
              -71.1317128204248,
              -31.3421524711555
            ],
            [
              -71.1308367071263,
              -31.3394505030779
            ],
            [
              -71.1297296285882,
              -31.3368455397697
            ],
            [
              -71.1285404776381,
              -31.3357404907736
            ],
            [
              -71.1265453941895,
              -31.3350245659697
            ],
            [
              -71.1251333210664,
              -31.3343915752969
            ],
            [
              -71.1233652743753,
              -31.3333906028595
            ],
            [
              -71.1221822582483,
              -31.3325666262192
            ],
            [
              -71.1193721363871,
              -31.3318637034385
            ],
            [
              -71.1162149809422,
              -31.331259691599
            ],
            [
              -71.1109818470888,
              -31.3315337666694
            ],
            [
              -71.1074927117255,
              -31.3316848340185
            ],
            [
              -71.1008584167124,
              -31.3317929931658
            ],
            [
              -71.0967832512182,
              -31.3317660189865
            ],
            [
              -71.0906040508383,
              -31.3313991523638
            ],
            [
              -71.0861929377911,
              -31.3305531644185
            ],
            [
              -71.0857329378571,
              -31.3334511845657
            ],
            [
              -71.084420931517,
              -31.3372302406473
            ],
            [
              -71.0834279871994,
              -31.340874211554
            ],
            [
              -71.0834730615991,
              -31.3429472785139
            ],
            [
              -71.0828740665255,
              -31.3449862311179
            ],
            [
              -71.0800979978406,
              -31.3480933000958
            ],
            [
              -71.0775089743576,
              -31.3499932809758
            ],
            [
              -71.0758479732108,
              -31.3525693151536
            ],
            [
              -71.0737079653983,
              -31.3553253525679
            ],
            [
              -71.0706738303947,
              -31.3565414781836
            ],
            [
              -71.0651756790446,
              -31.3579685033828
            ],
            [
              -71.0615185852863,
              -31.3601015890974
            ],
            [
              -71.0595066153665,
              -31.362639587885
            ],
            [
              -71.0570735267847,
              -31.366783671552
            ],
            [
              -71.0545335530759,
              -31.3709716984573
            ],
            [
              -71.0532055888173,
              -31.3741037259251
            ],
            [
              -71.0520996371871,
              -31.3763247544646
            ],
            [
              -71.0497785324505,
              -31.3782197376103
            ],
            [
              -71.0473404562709,
              -31.3797277789197
            ],
            [
              -71.0429803873955,
              -31.3816988609992
            ],
            [
              -71.0392052979378,
              -31.3834438953766
            ],
            [
              -71.0370152548207,
              -31.3839970169009
            ],
            [
              -71.0334780974253,
              -31.384312042744
            ],
            [
              -71.0296789566048,
              -31.3836811226327
            ],
            [
              -71.0269898063072,
              -31.3810021279792
            ],
            [
              -71.0226695735155,
              -31.3748481825616
            ],
            [
              -71.0163351947653,
              -31.3699362689885
            ],
            [
              -71.0142350530748,
              -31.3658652841407
            ],
            [
              -71.0131818061991,
              -31.3592712928192
            ],
            [
              -71.0109746713786,
              -31.3539483888782
            ],
            [
              -71.00844050823,
              -31.3496233960491
            ],
            [
              -71.003116207802,
              -31.346639506083
            ],
            [
              -70.9974040038696,
              -31.3456055565365
            ],
            [
              -70.9890826121292,
              -31.3430127025829
            ],
            [
              -70.9850213971924,
              -31.3400507394696
            ],
            [
              -70.9835903595662,
              -31.3383447780751
            ],
            [
              -70.983289304794,
              -31.3367937995457
            ],
            [
              -70.9832452269943,
              -31.3346777699208
            ],
            [
              -70.9828741928145,
              -31.3323497760247
            ],
            [
              -70.9812840354127,
              -31.3307757808718
            ],
            [
              -70.9789559558409,
              -31.3297748155503
            ],
            [
              -70.9773238910736,
              -31.3300158231143
            ],
            [
              -70.9768178592992,
              -31.3303148935885
            ],
            [
              -70.975470860968,
              -31.3312548765757
            ],
            [
              -70.9743078309632,
              -31.3320929141568
            ],
            [
              -70.9725387631812,
              -31.3322069871331
            ],
            [
              -70.9695767095271,
              -31.3317339851914
            ],
            [
              -70.9658304751707,
              -31.3296310642138
            ],
            [
              -70.9587761589719,
              -31.3259371240532
            ],
            [
              -70.9552720504505,
              -31.3238731981187
            ],
            [
              -70.952725891434,
              -31.3227022443183
            ],
            [
              -70.9508348119138,
              -31.3221262763572
            ],
            [
              -70.9489036915297,
              -31.3221553447643
            ],
            [
              -70.9474716297827,
              -31.3229983044223
            ],
            [
              -70.9459466483394,
              -31.3244903962936
            ],
            [
              -70.9441595985155,
              -31.3263323724526
            ],
            [
              -70.9419826256866,
              -31.3274883796299
            ],
            [
              -70.9400614943662,
              -31.3280354716955
            ],
            [
              -70.9379715042121,
              -31.3281534688474
            ],
            [
              -70.934498338584,
              -31.327601499847
            ],
            [
              -70.933353267124,
              -31.3267544976565
            ],
            [
              -70.9322581950703,
              -31.3256475957133
            ],
            [
              -70.9309821075821,
              -31.3236355799863
            ],
            [
              -70.9299400449907,
              -31.3225285774475
            ],
            [
              -70.9276568918894,
              -31.3210936294673
            ],
            [
              -70.9259869081698,
              -31.3207726763559
            ],
            [
              -70.9233728046204,
              -31.3215466829814
            ],
            [
              -70.9200697132982,
              -31.3227627621159
            ],
            [
              -70.9183946870547,
              -31.3248617804394
            ],
            [
              -70.9135015816083,
              -31.3283908305626
            ],
            [
              -70.9118134917296,
              -31.3297988289587
            ],
            [
              -70.9106195106684,
              -31.3318479303031
            ],
            [
              -70.9101785475926,
              -31.3339279298274
            ],
            [
              -70.9092465183621,
              -31.3355838848013
            ],
            [
              -70.9075595708109,
              -31.3371209791254
            ],
            [
              -70.9065335004664,
              -31.3381299235644
            ],
            [
              -70.906832575668,
              -31.3396809645643
            ],
            [
              -70.9077906122025,
              -31.3419138966678
            ],
            [
              -70.9078907190379,
              -31.3442019847859
            ],
            [
              -70.906528733204,
              -31.3485429441447
            ],
            [
              -70.9056307322965,
              -31.3505879603649
            ],
            [
              -70.9044357518548,
              -31.3525489701909
            ],
            [
              -70.902946725466,
              -31.3532630246341
            ],
            [
              -70.9000556443731,
              -31.3536510951021
            ],
            [
              -70.8965074201922,
              -31.3534451633755
            ],
            [
              -70.8926833267168,
              -31.3528102183812
            ],
            [
              -70.8900612170065,
              -31.3532372172645
            ],
            [
              -70.8873031472117,
              -31.3549202719234
            ],
            [
              -70.8867231832923,
              -31.3567862995716
            ],
            [
              -70.8858412219867,
              -31.36103330946739
            ],
            [
              -70.8858282626125,
              -31.3630642673764
            ],
            [
              -70.8852943470329,
              -31.3658812831203
            ],
            [
              -70.8853993681352,
              -31.368471310605
            ],
            [
              -70.8858314504327,
              -31.3726502737313
            ],
            [
              -70.8871157312502,
              -31.3804582577127
            ],
            [
              -70.8884818830351,
              -31.3883452780434
            ],
            [
              -70.8890910882204,
              -31.3946443058947
            ],
            [
              -70.8895911795586,
              -31.3994763038879
            ],
            [
              -70.8895402118161,
              -31.4023282135729
            ],
            [
              -70.8894762555386,
              -31.4044902766555
            ],
            [
              -70.8885493007069,
              -31.4064482902248
            ],
            [
              -70.8862801767334,
              -31.4071723174293
            ],
            [
              -70.8796310018736,
              -31.4077453761087
            ],
            [
              -70.8764328713918,
              -31.4090025067591
            ],
            [
              -70.8726188145362,
              -31.4116935347313
            ],
            [
              -70.8691527535716,
              -31.4129976144089
            ],
            [
              -70.8663876817217,
              -31.4157596695321
            ],
            [
              -70.8638126327653,
              -31.4186916370228
            ],
            [
              -70.8614906226684,
              -31.420799725837
            ],
            [
              -70.8530813729624,
              -31.4248098124746
            ],
            [
              -70.8476542252386,
              -31.4289069170012
            ],
            [
              -70.8449182168416,
              -31.4306729578743
            ],
            [
              -70.8433572106862,
              -31.4330740361321
            ],
            [
              -70.8429612606303,
              -31.4355110212778
            ],
            [
              -70.8422382140395,
              -31.4362869966109
            ],
            [
              -70.8414882018144,
              -31.4364270354768
            ],
            [
              -70.8414262056021,
              -31.4363719989802
            ],
            [
              -70.840777161646,
              -31.435789043384
            ],
            [
              -70.8399061137588,
              -31.4324750770688
            ],
            [
              -70.8388579855261,
              -31.4282991095545
            ],
            [
              -70.8371248362187,
              -31.4248241080272
            ],
            [
              -70.8352446813244,
              -31.4207031483058
            ],
            [
              -70.8339885612976,
              -31.4196841288091
            ],
            [
              -70.8319994820014,
              -31.4196261624494
            ],
            [
              -70.8302304812116,
              -31.4198241953834
            ],
            [
              -70.8286624033238,
              -31.4192852381508
            ],
            [
              -70.8279903114327,
              -31.4178682248235
            ],
            [
              -70.8272072481466,
              -31.4162812202017
            ],
            [
              -70.825568234783,
              -31.414878246355
            ],
            [
              -70.8241221190009,
              -31.4151152527135
            ],
            [
              -70.8206420421122,
              -31.4157263601789
            ],
            [
              -70.8186599144594,
              -31.4160133948514
            ],
            [
              -70.8180849088846,
              -31.4168434238818
            ],
            [
              -70.8162228932306,
              -31.4177763974041
            ],
            [
              -70.8138368123068,
              -31.4180264115672
            ],
            [
              -70.8122137471366,
              -31.4174444578822
            ],
            [
              -70.8101485780925,
              -31.4161774781115
            ],
            [
              -70.8080985880785,
              -31.4157315825915
            ],
            [
              -70.8060554214522,
              -31.4156735245926
            ],
            [
              -70.8039443989323,
              -31.4147955936026
            ],
            [
              -70.802794283081,
              -31.4136886297483
            ],
            [
              -70.802595291433,
              -31.4117035561616
            ],
            [
              -70.8030561977845,
              -31.4097956208295
            ],
            [
              -70.8026441954426,
              -31.4072096077123
            ],
            [
              -70.8013750856929,
              -31.4054556322621
            ],
            [
              -70.7998299810406,
              -31.4033176210557
            ],
            [
              -70.7990419316321,
              -31.4014266733585
            ],
            [
              -70.7984118126969,
              -31.3994056995123
            ],
            [
              -70.7983918649893,
              -31.3983256611171
            ],
            [
              -70.7981777464867,
              -31.3955626775437
            ],
            [
              -70.7990327677578,
              -31.3924826620371
            ],
            [
              -70.8001037164889,
              -31.3909126501398
            ],
            [
              -70.8017427534926,
              -31.3895506146418
            ],
            [
              -70.8037468199802,
              -31.3876205998566
            ],
            [
              -70.805818888474,
              -31.3864685492775
            ],
            [
              -70.8074018817697,
              -31.3850205239547
            ],
            [
              -70.8078609199342,
              -31.3837175175786
            ],
            [
              -70.8070377948669,
              -31.3828215577708
            ],
            [
              -70.8055147394694,
              -31.3818055495139
            ],
            [
              -70.8037756557626,
              -31.3807075891406
            ],
            [
              -70.8010795212804,
              -31.3787576045987
            ],
            [
              -70.7996094918224,
              -31.3776976552834
            ],
            [
              -70.7985624062929,
              -31.376286638857
            ],
            [
              -70.7973513453416,
              -31.3747046165952
            ],
            [
              -70.7959122179842,
              -31.3724787170001
            ],
            [
              -70.7945441272149,
              -31.3711147241776
            ],
            [
              -70.7932220831518,
              -31.3693617427337
            ],
            [
              -70.7915769541881,
              -31.3689957593531
            ],
            [
              -70.7894319223762,
              -31.3691117689405
            ],
            [
              -70.7873778190443,
              -31.3684058522641
            ],
            [
              -70.7866007861033,
              -31.3670778191544
            ],
            [
              -70.7872807857259,
              -31.3661178335651
            ],
            [
              -70.7878467231508,
              -31.3648137602409
            ],
            [
              -70.7877037264399,
              -31.3629138337171
            ],
            [
              -70.7870426308398,
              -31.3620598544106
            ],
            [
              -70.7856275178659,
              -31.36104181984
            ],
            [
              -70.783176417763,
              -31.3591748904097
            ],
            [
              -70.7807773909356,
              -31.3572209458402
            ],
            [
              -70.7782652601301,
              -31.3563909858004
            ],
            [
              -70.7762090906783,
              -31.3555560072691
            ],
            [
              -70.7743640152937,
              -31.3545010316744
            ],
            [
              -70.7727149177432,
              -31.3524500578805
            ],
            [
              -70.7720788632144,
              -31.3500390177445
            ],
            [
              -70.7705317357441,
              -31.347684048037
            ],
            [
              -70.7680396932033,
              -31.3464650528553
            ],
            [
              -70.7637904737219,
              -31.34604815141491
            ],
            [
              -70.7622283675521,
              -31.3443412253307
            ],
            [
              -70.761981305711,
              -31.3425732143178
            ],
            [
              -70.7619452765558,
              -31.3406291866417
            ],
            [
              -70.7622292749522,
              -31.338594160389
            ],
            [
              -70.7627802822953,
              -31.3365131686922
            ],
            [
              -70.762622175682,
              -31.33379312535691
            ],
            [
              -70.7618051374262,
              -31.3316871682817
            ],
            [
              -70.7604910155515,
              -31.3302791842219
            ],
            [
              -70.7579928879279,
              -31.3287582397753
            ],
            [
              -70.7557947969352,
              -31.3288743039209
            ],
            [
              -70.7534537562952,
              -31.3299862721635
            ],
            [
              -70.7511046427867,
              -31.3306663121873
            ],
            [
              -70.7489066177051,
              -31.3307834258207
            ],
            [
              -70.7470664903551,
              -31.3299874190948
            ],
            [
              -70.7456954146897,
              -31.3284074012696
            ],
            [
              -70.7447394300062,
              -31.3260434012568
            ],
            [
              -70.7439153375221,
              -31.3250174703136
            ],
            [
              -70.7418042033974,
              -31.3240094705543
            ],
            [
              -70.7400611558336,
              -31.3240765036224
            ],
            [
              -70.7372150099093,
              -31.3240285405485
            ],
            [
              -70.7350189565364,
              -31.3242745568465
            ],
            [
              -70.7329118894693,
              -31.3234815907476
            ],
            [
              -70.7315848256673,
              -31.3213826456524
            ],
            [
              -70.731486746913,
              -31.3189636751734
            ],
            [
              -70.7314376823509,
              -31.3162426326074
            ],
            [
              -70.7317696569981,
              -31.3138616121097
            ],
            [
              -70.7317915868484,
              -31.3121326365628
            ],
            [
              -70.7299314793942,
              -31.3087446587943
            ],
            [
              -70.727823371342,
              -31.30790866842811
            ],
            [
              -70.7253152474108,
              -31.3086767762729
            ],
            [
              -70.7236302271562,
              -31.3104277326335
            ],
            [
              -70.7217862740751,
              -31.3123107790749
            ],
            [
              -70.7199852226383,
              -31.3135878353402
            ],
            [
              -70.7170210889223,
              -31.315873906747
            ],
            [
              -70.7144901045598,
              -31.3183708907303
            ],
            [
              -70.7122790408191,
              -31.32073393889589
            ],
            [
              -70.7100570361631,
              -31.3240039713431
            ],
            [
              -70.7089180586302,
              -31.3263090172762
            ],
            [
              -70.7073380423845,
              -31.3279720354964
            ],
            [
              -70.7060690167088,
              -31.3290690660966
            ],
            [
              -70.7045759944603,
              -31.329565031347
            ],
            [
              -70.703729974868,
              -31.3303100199227
            ],
            [
              -70.7038090003854,
              -31.3316920637819
            ],
            [
              -70.7051780369546,
              -31.333229089259
            ],
            [
              -70.7077622418968,
              -31.3351390093082
            ],
            [
              -70.7091442753884,
              -31.337324955262
            ],
            [
              -70.71089538342,
              -31.339202974322
            ],
            [
              -70.7108713891441,
              -31.3408449948933
            ],
            [
              -70.708795397657,
              -31.3418230098323
            ],
            [
              -70.7066002929149,
              -31.3421550521056
            ],
            [
              -70.7043152864757,
              -31.34339505195049
            ],
            [
              -70.7034641837525,
              -31.3438821054574
            ],
            [
              -70.7019611354031,
              -31.3438581202191
            ],
            [
              -70.6998490384348,
              -31.3428491575009
            ],
            [
              -70.6977439520483,
              -31.3421862165672
            ],
            [
              -70.6958618975701,
              -31.3420381628184
            ],
            [
              -70.693770883574,
              -31.3421522059312
            ],
            [
              -70.6912117158072,
              -31.3431362289512
            ],
            [
              -70.6883076448632,
              -31.3428723586186
            ],
            [
              -70.6872055985373,
              -31.3412883400429
            ],
            [
              -70.6847044590416,
              -31.3394623502393
            ],
            [
              -70.6753540084701,
              -31.334356556263
            ],
            [
              -70.6707778616249,
              -31.3335955781844
            ],
            [
              -70.666208620974,
              -31.3332226891973
            ],
            [
              -70.6615074359218,
              -31.3314687055622
            ],
            [
              -70.6575452376913,
              -31.3304827856691
            ],
            [
              -70.6540261587503,
              -31.3287568027207
            ],
            [
              -70.6498578677286,
              -31.3267368780027
            ],
            [
              -70.6478827881126,
              -31.3242559323692
            ],
            [
              -70.6455796896766,
              -31.3214759479391
            ],
            [
              -70.6444156012331,
              -31.3193309512267
            ],
            [
              -70.6428883972719,
              -31.316368960626
            ],
            [
              -70.6422254648576,
              -31.3152969822707
            ],
            [
              -70.6403812979482,
              -31.3141540477572
            ],
            [
              -70.637583183866,
              -31.313714078659
            ],
            [
              -70.6344620850356,
              -31.3132361322575
            ],
            [
              -70.6306878849766,
              -31.3122471436985
            ],
            [
              -70.6279947771711,
              -31.3116761863396
            ],
            [
              -70.6245736697897,
              -31.3092992352122
            ],
            [
              -70.6185213475156,
              -31.3053143548365
            ],
            [
              -70.6136000651008,
              -31.3030424256736
            ],
            [
              -70.6121680359498,
              -31.3009004758604
            ],
            [
              -70.6110348851172,
              -31.2973714504027
            ],
            [
              -70.6103068146173,
              -31.2940094706612
            ],
            [
              -70.6101107749299,
              -31.2919384877757
            ],
            [
              -70.6099607404682,
              -31.2894334789824
            ],
            [
              -70.6086465994505,
              -31.2878514784891
            ],
            [
              -70.6028693798156,
              -31.2857195548963
            ],
            [
              -70.5971349968942,
              -31.2813406333303
            ],
            [
              -70.5956140080601,
              -31.2801927180325
            ],
            [
              -70.592911863065,
              -31.279016776692
            ],
            [
              -70.5909187743284,
              -31.2785227611103
            ],
            [
              -70.5882987224507,
              -31.2790297821369
            ],
            [
              -70.5866445694787,
              -31.2796127963899
            ],
            [
              -70.585036546517,
              -31.2796758421324
            ],
            [
              -70.5836915519458,
              -31.2794328933513
            ],
            [
              -70.5823964274167,
              -31.2789738906771
            ],
            [
              -70.5816193940598,
              -31.2790698693784
            ],
            [
              -70.5813694085239,
              -31.2801528903006
            ],
            [
              -70.5806414924711,
              -31.2815449009019
            ],
            [
              -70.578737450399,
              -31.2831669727647
            ],
            [
              -70.5749363153599,
              -31.286886000884
            ],
            [
              -70.5718562949068,
              -31.2887821025276
            ],
            [
              -70.5696151973719,
              -31.289544116004
            ],
            [
              -70.5663971078843,
              -31.2895831320843
            ],
            [
              -70.5638079353854,
              -31.2887942000265
            ],
            [
              -70.5614469268035,
              -31.2887792604596
            ],
            [
              -70.5591797751839,
              -31.289541212633
            ],
            [
              -70.5586188893245,
              -31.2913202570881
            ],
            [
              -70.5581409558225,
              -31.2949122923072
            ],
            [
              -70.5571159279863,
              -31.2978202830542
            ],
            [
              -70.5561859943619,
              -31.3032763469082
            ],
            [
              -70.5562360159614,
              -31.3047013661495
            ],
            [
              -70.5557180034672,
              -31.3058313394028
            ],
            [
              -70.5534150118815,
              -31.3060753638626
            ],
            [
              -70.5485778024738,
              -31.3056154344133
            ],
            [
              -70.5441586562892,
              -31.3045995390125
            ]
          ]
        ]
      }
    }
  ]
}